0; -60; 
0.5; -59.8236; 
1; -59.6602; 
1.5; -59.5084; 
2; -59.367; 
2.5; -59.2352; 
3; -59.1119; 
3.5; -58.9964; 
4; -58.888; 
4.5; -58.786; 
5; -58.69; 
5.5; -58.5995; 
6; -58.5139; 
6.5; -58.433; 
7; -58.3563; 
7.5; -58.2836; 
8; -58.2146; 
8.5; -58.1489; 
9; -58.0864; 
9.5; -58.0269; 
10; -57.9701; 
10.5; -57.9159; 
11; -57.864; 
11.5; -57.8144; 
12; -57.7669; 
12.5; -57.7214; 
13; -57.6777; 
13.5; -57.6357; 
14; -57.5954; 
14.5; -57.5566; 
15; -57.5192; 
15.5; -57.4833; 
16; -57.4486; 
16.5; -57.4151; 
17; -57.3827; 
17.5; -57.3514; 
18; -57.3211; 
18.5; -57.2918; 
19; -57.2634; 
19.5; -57.2358; 
20; -57.2091; 
20.5; -57.1831; 
21; -57.1579; 
21.5; -57.1333; 
22; -57.1093; 
22.5; -57.086; 
23; -57.0633; 
23.5; -57.041; 
24; -57.0194; 
24.5; -56.9981; 
25; -56.9774; 
25.5; -56.957; 
26; -56.9371; 
26.5; -56.9176; 
27; -56.8983; 
27.5; -56.8795; 
28; -56.8609; 
28.5; -56.8426; 
29; -56.8246; 
29.5; -56.8068; 
30; -56.7893; 
30.5; -56.7719; 
31; -56.7547; 
31.5; -56.7377; 
32; -56.7209; 
32.5; -56.7041; 
33; -56.6874; 
33.5; -56.6709; 
34; -56.6544; 
34.5; -56.6379; 
35; -56.6215; 
35.5; -56.605; 
36; -56.5886; 
36.5; -56.5721; 
37; -56.5555; 
37.5; -56.5389; 
38; -56.5221; 
38.5; -56.5052; 
39; -56.4881; 
39.5; -56.4708; 
40; -56.4533; 
40.5; -56.4355; 
41; -56.4175; 
41.5; -56.399; 
42; -56.3802; 
42.5; -56.3609; 
43; -56.3411; 
43.5; -56.3208; 
44; -56.2999; 
44.5; -56.2783; 
45; -56.2558; 
45.5; -56.2325; 
46; -56.2083; 
46.5; -56.1829; 
47; -56.1562; 
47.5; -56.1281; 
48; -56.0984; 
48.5; -56.0669; 
49; -56.0332; 
49.5; -55.997; 
50; -55.9579; 
50.5; -55.9153; 
51; -55.8686; 
51.5; -55.8168; 
52; -55.759; 
52.5; -55.6933; 
53; -55.6177; 
53.5; -55.5289; 
54; -55.4218; 
54.5; -55.2886; 
55; -55.1149; 
55.5; -54.8735; 
56; -54.5047; 
56.5; -55.2051; 
57; -54.9844; 
57.5; -54.7312; 
58; -54.4185; 
58.5; -53.9949; 
59; -54.4106; 
59.5; -53.9879; 
60; -53.4186; 
60.5; -53.5985; 
61; -53.8956; 
61.5; -54.2477; 
62; -53.8474; 
62.5; -53.3853; 
63; -53.8368; 
63.5; -53.6607; 
64; -53.4696; 
64.5; -53.2495; 
65; -52.9785; 
65.5; -52.617; 
66; -52.0822; 
66.5; -53.3419; 
67; -53.2296; 
67.5; -53.0894; 
68; -52.9111; 
68.5; -52.6794; 
69; -52.3692; 
69.5; -51.9371; 
70; -51.2993; 
70.5; -50.2749; 
71; -51.3456; 
71.5; -52.2322; 
72; -52.4473; 
72.5; -51.7915; 
73; -52.2379; 
73.5; -51.6937; 
74; -51.0859; 
74.5; -50.3317; 
75; -50.6052; 
75.5; -49.8395; 
76; -48.8352; 
76.5; -48.6884; 
77; -48.5191; 
77.5; -48.1279; 
78; -48.6707; 
78.5; -48.7984; 
79; -47.7253; 
79.5; -47.1076; 
80; -47.403; 
80.5; -46.6825; 
81; -48.0191; 
81.5; -47.6348; 
82; -47.1252; 
82.5; -46.3376; 
83; -47.8464; 
83.5; -46.622; 
84; -47.5177; 
84.5; -46.5971; 
85; -45.506; 
85.5; -45.089; 
86; -44.7581; 
86.5; -43.3799; 
87; -42.3091; 
87.5; -44.1834; 
88; -42.8003; 
88.5; -42.0355; 
89; -40.7126; 
89.5; -40.0971; 
90; -40.1458; 
90.5; -40.0551; 
91; -40.1978; 
91.5; -39.9199; 
92; -38.945; 
92.5; -37.6658; 
93; -34.8591; 
93.5; -34.2245; 
94; -34.5429; 
94.5; -36.0733; 
95; -37.4594; 
95.5; -37.7352; 
96; -36.8072; 
96.5; -34.2674; 
97; -34.0146; 
97.5; -31.4254; 
98; -33.8169; 
98.5; -31.2405; 
99; -29.1783; 
99.5; -30.6677; 
100; -31.467; 
100.5; -30.7298; 
101; -30.9959; 
101.5; -29.4749; 
102; -29.5913; 
102.5; -29.6008; 
103; -28.1569; 
103.5; -28.6305; 
104; -28.4147; 
104.5; -28.8885; 
105; -31.583; 
105.5; -30.5502; 
106; -29.3189; 
106.5; -29.4947; 
107; -27.1636; 
107.5; -29.0133; 
108; -29.43; 
108.5; -25.6396; 
109; -26.0177; 
109.5; -28.9415; 
110; -25.5732; 
110.5; -24.2224; 
111; -24.2876; 
111.5; -27.2346; 
112; -25.5061; 
112.5; -25.9248; 
113; -25.4005; 
113.5; -23.9897; 
114; -27.0096; 
114.5; -27.5733; 
115; -26.7865; 
115.5; -25.9642; 
116; -26.9006; 
116.5; -26.817; 
117; -23.8464; 
117.5; -23.06; 
118; -20.5647; 
118.5; -24.5452; 
119; -28.5433; 
119.5; -26.6224; 
120; -25.5581; 
120.5; -25.7166; 
121; -25.3721; 
121.5; -26.3518; 
122; -30.5817; 
122.5; -29.3764; 
123; -26.4718; 
123.5; -27.1881; 
124; -29.0025; 
124.5; -27.3308; 
125; -26.0045; 
125.5; -28.2895; 
126; -30.1096; 
126.5; -29.5364; 
127; -30.2663; 
127.5; -30.1516; 
128; -29.9012; 
128.5; -33.7234; 
129; -35.3798; 
129.5; -34.4179; 
130; -35.2564; 
130.5; -33.587; 
131; -36.187; 
131.5; -36.8168; 
132; -38.8527; 
132.5; -40.2937; 
133; -41.0986; 
133.5; -42.3554; 
134; -45.0012; 
134.5; -45.0952; 
135; -46.9124; 
135.5; -48.143; 
136; -48.5598; 
136.5; -48.8193; 
137; -49.1561; 
137.5; -51.4036; 
138; -53.2244; 
138.5; -54.1899; 
139; -55.1803; 
139.5; -56.3851; 
140; -56.7427; 
140.5; -56.7826; 
141; -58.8433; 
141.5; -60.9368; 
142; -61.3799; 
142.5; -61.7795; 
143; -62.0758; 
143.5; -62.1705; 
144; -63.1474; 
144.5; -63.9207; 
145; -63.8469; 
145.5; -65.6648; 
146; -67.0115; 
146.5; -67.4046; 
147; -67.7719; 
147.5; -68.1038; 
148; -68.3905; 
148.5; -68.6199; 
149; -68.7737; 
149.5; -68.8181; 
150; -69.5792; 
150.5; -69.762; 
151; -69.8375; 
151.5; -69.7633; 
152; -70.6441; 
152.5; -70.6194; 
153; -70.5807; 
153.5; -70.5148; 
154; -70.4004; 
154.5; -70.1952; 
155; -70.8958; 
155.5; -70.8304; 
156; -70.7711; 
156.5; -70.7102; 
157; -70.6403; 
157.5; -70.5518; 
158; -70.4305; 
158.5; -70.2492; 
159; -69.948; 
159.5; -70.7679; 
160; -70.6561; 
160.5; -70.5674; 
161; -70.4955; 
161.5; -70.4358; 
162; -70.385; 
162.5; -70.3405; 
163; -70.3001; 
163.5; -70.2623; 
164; -70.2258; 
164.5; -70.1894; 
165; -70.1524; 
165.5; -70.1142; 
166; -70.0741; 
166.5; -70.032; 
167; -69.9875; 
167.5; -69.9406; 
168; -69.8911; 
168.5; -69.8392; 
169; -69.785; 
169.5; -69.7286; 
170; -69.6702; 
170.5; -69.6099; 
171; -69.5479; 
171.5; -69.4845; 
172; -69.4197; 
172.5; -69.3538; 
173; -69.2869; 
173.5; -69.2191; 
174; -69.1506; 
174.5; -69.0816; 
175; -69.012; 
175.5; -68.942; 
176; -68.8717; 
176.5; -68.8012; 
177; -68.7305; 
177.5; -68.6596; 
178; -68.5888; 
178.5; -68.5179; 
179; -68.447; 
179.5; -68.3761; 
180; -68.3054; 
180.5; -68.2348; 
181; -68.1644; 
181.5; -68.0941; 
182; -68.024; 
182.5; -67.9542; 
183; -67.8845; 
183.5; -67.8151; 
184; -67.746; 
184.5; -67.6771; 
185; -67.6085; 
185.5; -67.5402; 
186; -67.4722; 
186.5; -67.4045; 
187; -67.3371; 
187.5; -67.27; 
188; -67.2032; 
188.5; -67.1368; 
189; -67.0706; 
189.5; -67.0048; 
190; -66.9393; 
190.5; -66.8741; 
191; -66.8093; 
191.5; -66.7448; 
192; -66.6807; 
192.5; -66.6168; 
193; -66.5533; 
193.5; -66.4902; 
194; -66.4274; 
194.5; -66.3648; 
195; -66.3027; 
195.5; -66.2409; 
196; -66.1794; 
196.5; -66.1182; 
197; -66.0574; 
197.5; -65.9969; 
198; -65.9368; 
198.5; -65.8769; 
199; -65.8174; 
199.5; -65.7583; 
200; -65.6994; 
200.5; -65.6409; 
201; -65.5827; 
201.5; -65.5248; 
202; -65.4673; 
202.5; -65.4101; 
203; -65.3531; 
203.5; -65.2966; 
204; -65.2403; 
204.5; -65.1843; 
205; -65.1287; 
205.5; -65.0734; 
206; -65.0184; 
206.5; -64.9637; 
207; -64.9093; 
207.5; -64.8552; 
208; -64.8015; 
208.5; -64.748; 
209; -64.6948; 
209.5; -64.642; 
210; -64.5894; 
210.5; -64.5371; 
211; -64.4852; 
211.5; -64.4335; 
212; -64.3821; 
212.5; -64.3311; 
213; -64.2803; 
213.5; -64.2298; 
214; -64.1796; 
214.5; -64.1297; 
215; -64.0801; 
215.5; -64.0307; 
216; -63.9817; 
216.5; -63.9329; 
217; -63.8844; 
217.5; -63.8362; 
218; -63.7883; 
218.5; -63.7406; 
219; -63.6933; 
219.5; -63.6462; 
220; -63.5994; 
220.5; -63.5528; 
221; -63.5065; 
221.5; -63.4605; 
222; -63.4148; 
222.5; -63.3693; 
223; -63.3241; 
223.5; -63.2791; 
224; -63.2345; 
224.5; -63.1901; 
225; -63.1459; 
225.5; -63.102; 
226; -63.0583; 
226.5; -63.0149; 
227; -62.9718; 
227.5; -62.9289; 
228; -62.8863; 
228.5; -62.844; 
229; -62.8018; 
229.5; -62.76; 
230; -62.7183; 
230.5; -62.677; 
231; -62.6358; 
231.5; -62.5949; 
232; -62.5543; 
232.5; -62.5139; 
233; -62.4737; 
233.5; -62.4338; 
234; -62.3941; 
234.5; -62.3547; 
235; -62.3154; 
235.5; -62.2764; 
236; -62.2377; 
236.5; -62.1992; 
237; -62.1609; 
237.5; -62.1229; 
238; -62.085; 
238.5; -62.0474; 
239; -62.01; 
239.5; -61.9729; 
240; -61.936; 
240.5; -61.8993; 
241; -61.8628; 
241.5; -61.8265; 
242; -61.7905; 
242.5; -61.7547; 
243; -61.719; 
243.5; -61.6837; 
244; -61.6485; 
244.5; -61.6135; 
245; -61.5788; 
245.5; -61.5442; 
246; -61.5099; 
246.5; -61.4757; 
247; -61.4418; 
247.5; -61.4081; 
248; -61.3746; 
248.5; -61.3413; 
249; -61.3083; 
249.5; -61.2753; 
250; -61.2426; 
250.5; -61.2102; 
251; -61.1779; 
251.5; -61.1458; 
252; -61.1139; 
252.5; -61.0822; 
253; -61.0507; 
253.5; -61.0194; 
254; -60.9882; 
254.5; -60.9573; 
255; -60.9266; 
255.5; -60.896; 
256; -60.8657; 
256.5; -60.8355; 
257; -60.8055; 
257.5; -60.7757; 
258; -60.7461; 
258.5; -60.7167; 
259; -60.6874; 
259.5; -60.6583; 
260; -60.6294; 
260.5; -60.6007; 
261; -60.5722; 
261.5; -60.5438; 
262; -60.5157; 
262.5; -60.4877; 
263; -60.4598; 
263.5; -60.4322; 
264; -60.4048; 
264.5; -60.3774; 
265; -60.3503; 
265.5; -60.3233; 
266; -60.2965; 
266.5; -60.2699; 
267; -60.2434; 
267.5; -60.2171; 
268; -60.191; 
268.5; -60.165; 
269; -60.1392; 
269.5; -60.1136; 
270; -60.0881; 
270.5; -60.0628; 
271; -60.0376; 
271.5; -60.0126; 
272; -59.9877; 
272.5; -59.963; 
273; -59.9385; 
273.5; -59.9141; 
274; -59.8899; 
274.5; -59.8658; 
275; -59.8419; 
275.5; -59.8181; 
276; -59.7945; 
276.5; -59.771; 
277; -59.7477; 
277.5; -59.7245; 
278; -59.7015; 
278.5; -59.6786; 
279; -59.6558; 
279.5; -59.6332; 
280; -59.6108; 
280.5; -59.5885; 
281; -59.5663; 
281.5; -59.5443; 
282; -59.5224; 
282.5; -59.5006; 
283; -59.479; 
283.5; -59.4575; 
284; -59.4362; 
284.5; -59.415; 
285; -59.3939; 
285.5; -59.373; 
286; -59.3521; 
286.5; -59.3315; 
287; -59.3109; 
287.5; -59.2905; 
288; -59.2702; 
288.5; -59.25; 
289; -59.23; 
289.5; -59.2101; 
290; -59.1903; 
290.5; -59.1707; 
291; -59.1511; 
291.5; -59.1317; 
292; -59.1124; 
292.5; -59.0933; 
293; -59.0743; 
293.5; -59.0553; 
294; -59.0365; 
294.5; -59.0178; 
295; -58.9993; 
295.5; -58.9808; 
296; -58.9625; 
296.5; -58.9442; 
297; -58.9261; 
297.5; -58.9081; 
298; -58.8903; 
298.5; -58.8725; 
299; -58.8549; 
299.5; -58.8373; 
300; -58.8198; 
300.5; -58.8025; 
301; -58.7853; 
301.5; -58.7682; 
302; -58.7512; 
302.5; -58.7343; 
303; -58.7175; 
303.5; -58.7008; 
304; -58.6842; 
304.5; -58.6677; 
305; -58.6513; 
305.5; -58.635; 
306; -58.6189; 
306.5; -58.6027; 
307; -58.5868; 
307.5; -58.5709; 
308; -58.5551; 
308.5; -58.5394; 
309; -58.5238; 
309.5; -58.5082; 
310; -58.4928; 
310.5; -58.4775; 
311; -58.4623; 
311.5; -58.4471; 
312; -58.4321; 
312.5; -58.4171; 
313; -58.4022; 
313.5; -58.3874; 
314; -58.3727; 
314.5; -58.3581; 
315; -58.3436; 
315.5; -58.3291; 
316; -58.3148; 
316.5; -58.3005; 
317; -58.2863; 
317.5; -58.2722; 
318; -58.2582; 
318.5; -58.2442; 
319; -58.2303; 
319.5; -58.2165; 
320; -58.2028; 
320.5; -58.1892; 
321; -58.1756; 
321.5; -58.1621; 
322; -58.1487; 
322.5; -58.1353; 
323; -58.122; 
323.5; -58.1088; 
324; -58.0957; 
324.5; -58.0826; 
325; -58.0696; 
325.5; -58.0567; 
326; -58.0438; 
326.5; -58.031; 
327; -58.0183; 
327.5; -58.0056; 
328; -57.993; 
328.5; -57.9804; 
329; -57.9679; 
329.5; -57.9555; 
330; -57.9431; 
330.5; -57.9308; 
331; -57.9185; 
331.5; -57.9063; 
332; -57.8941; 
332.5; -57.882; 
333; -57.8699; 
333.5; -57.858; 
334; -57.846; 
334.5; -57.8341; 
335; -57.8222; 
335.5; -57.8104; 
336; -57.7986; 
336.5; -57.7869; 
337; -57.7752; 
337.5; -57.7635; 
338; -57.7518; 
338.5; -57.7403; 
339; -57.7287; 
339.5; -57.7172; 
340; -57.7057; 
340.5; -57.6942; 
341; -57.6828; 
341.5; -57.6713; 
342; -57.6599; 
342.5; -57.6485; 
343; -57.6371; 
343.5; -57.6258; 
344; -57.6144; 
344.5; -57.6031; 
345; -57.5917; 
345.5; -57.5804; 
346; -57.5691; 
346.5; -57.5577; 
347; -57.5464; 
347.5; -57.535; 
348; -57.5237; 
348.5; -57.5122; 
349; -57.5008; 
349.5; -57.4893; 
350; -57.4778; 
350.5; -57.4663; 
351; -57.4547; 
351.5; -57.443; 
352; -57.4313; 
352.5; -57.4195; 
353; -57.4076; 
353.5; -57.3956; 
354; -57.3836; 
354.5; -57.3714; 
355; -57.359; 
355.5; -57.3466; 
356; -57.3339; 
356.5; -57.3211; 
357; -57.3081; 
357.5; -57.2949; 
358; -57.2814; 
358.5; -57.2676; 
359; -57.2535; 
359.5; -57.239; 
360; -57.2242; 
360.5; -57.2089; 
361; -57.1931; 
361.5; -57.1767; 
362; -57.1596; 
362.5; -57.1418; 
363; -57.1231; 
363.5; -57.1033; 
364; -57.0824; 
364.5; -57.06; 
365; -57.0359; 
365.5; -57.0097; 
366; -56.9811; 
366.5; -56.9494; 
367; -56.9139; 
367.5; -56.8734; 
368; -56.8267; 
368.5; -56.7715; 
369; -56.7048; 
369.5; -56.622; 
370; -56.5155; 
370.5; -56.3727; 
371; -56.1702; 
371.5; -55.8621; 
372; -55.3445; 
372.5; -56.9142; 
373; -56.7449; 
373.5; -56.6012; 
374; -56.4786; 
374.5; -56.3737; 
375; -56.2834; 
375.5; -56.2054; 
376; -56.1378; 
376.5; -56.079; 
377; -56.0275; 
377.5; -55.9821; 
378; -55.9417; 
378.5; -55.9054; 
379; -55.8723; 
379.5; -55.8415; 
380; -55.8122; 
380.5; -55.7838; 
381; -55.7553; 
381.5; -55.7259; 
382; -55.6946; 
382.5; -55.6606; 
383; -55.6224; 
383.5; -55.5786; 
384; -55.5274; 
384.5; -55.4664; 
385; -55.3923; 
385.5; -55.3005; 
386; -55.1843; 
386.5; -55.0334; 
387; -54.8303; 
387.5; -54.5432; 
388; -54.1075; 
388.5; -54.6055; 
389; -54.2641; 
389.5; -54.5856; 
390; -55.2748; 
390.5; -55.09; 
391; -54.7966; 
391.5; -54.3062; 
392; -54.7562; 
392.5; -55.9544; 
393; -55.8702; 
393.5; -55.7869; 
394; -55.7006; 
394.5; -55.6073; 
395; -55.5018; 
395.5; -55.3771; 
396; -55.222; 
396.5; -55.017; 
397; -54.7247; 
397.5; -54.2624; 
398; -54.9363; 
398.5; -54.5238; 
399; -55.2423; 
399.5; -55.0232; 
400; -54.7754; 
400.5; -54.4728; 
401; -54.07; 
401.5; -53.4789; 
402; -54.4085; 
402.5; -53.8841; 
403; -55.4137; 
403.5; -55.2277; 
404; -55.0665; 
404.5; -54.9243; 
405; -54.7966; 
405.5; -54.6786; 
406; -54.5658; 
406.5; -54.4533; 
407; -54.3352; 
407.5; -54.2039; 
408; -54.049; 
408.5; -53.8537; 
409; -53.5899; 
409.5; -53.2025; 
410; -53.6394; 
410.5; -53.1795; 
411; -53.5815; 
411.5; -53.0977; 
412; -53.7417; 
412.5; -53.44; 
413; -53.0873; 
413.5; -52.6323; 
414; -51.9713; 
414.5; -52.334; 
415; -52.6752; 
415.5; -52.9474; 
416; -52.3978; 
416.5; -52.7746; 
417; -52.3301; 
417.5; -51.766; 
418; -52.1782; 
418.5; -51.6576; 
419; -50.993; 
419.5; -51.0617; 
420; -50.1384; 
420.5; -50.1468; 
421; -51.2285; 
421.5; -50.4833; 
422; -49.4223; 
422.5; -51.068; 
423; -50.1638; 
423.5; -50.1748; 
424; -51.1487; 
424.5; -50.512; 
425; -49.8082; 
425.5; -48.9551; 
426; -47.7921; 
426.5; -49.3826; 
427; -48.5533; 
427.5; -48.4879; 
428; -48.3807; 
428.5; -48.1925; 
429; -47.0999; 
429.5; -46.6304; 
430; -45.0879; 
430.5; -44.922; 
431; -45.9145; 
431.5; -46.0541; 
432; -47.5248; 
432.5; -46.5026; 
433; -45.2957; 
433.5; -43.7397; 
434; -42.6837; 
434.5; -42.2225; 
435; -42.5432; 
435.5; -41.8984; 
436; -40.9264; 
436.5; -42.0077; 
437; -42.33; 
437.5; -42.3714; 
438; -40.4163; 
438.5; -37.7392; 
439; -38.4834; 
439.5; -38.2723; 
440; -37.4718; 
440.5; -36.8654; 
441; -38.0633; 
441.5; -34.6554; 
442; -36.2733; 
442.5; -35.984; 
443; -32.2736; 
443.5; -35.9131; 
444; -36.1905; 
444.5; -34.8221; 
445; -33.0047; 
445.5; -31.4561; 
446; -32.7683; 
446.5; -32.9245; 
447; -31.6295; 
447.5; -32.1544; 
448; -33.6041; 
448.5; -32.0194; 
449; -28.6619; 
449.5; -31.1805; 
450; -30.5531; 
450.5; -30.2359; 
451; -29.8655; 
451.5; -29.858; 
452; -29.4223; 
452.5; -30.3504; 
453; -31.1258; 
453.5; -29.2335; 
454; -26.7761; 
454.5; -27.8518; 
455; -28.2151; 
455.5; -25.8217; 
456; -23.9231; 
456.5; -23.96; 
457; -24.5554; 
457.5; -26.4746; 
458; -29.6928; 
458.5; -29.5744; 
459; -29.6357; 
459.5; -26.5434; 
460; -25.2719; 
460.5; -28.4522; 
461; -26.0941; 
461.5; -25.3709; 
462; -26.3254; 
462.5; -26.4928; 
463; -22.2745; 
463.5; -23.8593; 
464; -26.1086; 
464.5; -26.3316; 
465; -25.703; 
465.5; -28.2393; 
466; -27.7895; 
466.5; -28.5023; 
467; -27.4782; 
467.5; -24.9147; 
468; -23.7991; 
468.5; -22.3998; 
469; -25.2003; 
469.5; -24.8269; 
470; -23.7193; 
470.5; -23.0722; 
471; -25.9969; 
471.5; -28.355; 
472; -29.2694; 
472.5; -28.7404; 
473; -31.3956; 
473.5; -30.5122; 
474; -30.5341; 
474.5; -30.0814; 
475; -32.7459; 
475.5; -30.6034; 
476; -29.4055; 
476.5; -31.6905; 
477; -32.426; 
477.5; -33.0409; 
478; -31.4391; 
478.5; -34.3019; 
479; -34.2632; 
479.5; -35.1007; 
480; -34.7375; 
480.5; -35.4482; 
481; -37.7891; 
481.5; -41.7708; 
482; -42.5436; 
482.5; -44.9969; 
483; -45.1759; 
483.5; -46.7507; 
484; -48.5886; 
484.5; -49.8484; 
485; -50.1689; 
485.5; -52.3156; 
486; -53.7825; 
486.5; -54.3588; 
487; -54.7179; 
487.5; -56.6278; 
488; -56.9125; 
488.5; -59.129; 
489; -60.4073; 
489.5; -60.784; 
490; -60.7986; 
490.5; -63.6329; 
491; -64.005; 
491.5; -65.2468; 
492; -65.7296; 
492.5; -67.0438; 
493; -67.6894; 
493.5; -68.2715; 
494; -68.7893; 
494.5; -69.2426; 
495; -69.6308; 
495.5; -69.9529; 
496; -70.2057; 
496.5; -70.3813; 
497; -70.4606; 
497.5; -70.3957; 
498; -71.3499; 
498.5; -71.4374; 
499; -71.5151; 
499.5; -71.5811; 
500; -71.6341; 
500.5; -71.6728; 
501; -71.6962; 
501.5; -71.7033; 
502; -71.6934; 
502.5; -71.6657; 
503; -71.6188; 
503.5; -71.5507; 
504; -71.4571; 
504.5; -71.3297; 
505; -71.1508; 
505.5; -70.8812; 
506; -71.5264; 
506.5; -71.4376; 
507; -71.3568; 
507.5; -71.2818; 
508; -71.2111; 
508.5; -71.1436; 
509; -71.0783; 
509.5; -71.0145; 
510; -70.9516; 
510.5; -70.889; 
511; -70.8263; 
511.5; -70.7632; 
512; -70.6992; 
512.5; -70.6343; 
513; -70.5681; 
513.5; -70.5006; 
514; -70.4318; 
514.5; -70.3616; 
515; -70.2903; 
515.5; -70.2178; 
516; -70.1444; 
516.5; -70.0701; 
517; -69.995; 
517.5; -69.9194; 
518; -69.8433; 
518.5; -69.7669; 
519; -69.6902; 
519.5; -69.6133; 
520; -69.5364; 
520.5; -69.4594; 
521; -69.3824; 
521.5; -69.3056; 
522; -69.2289; 
522.5; -69.1523; 
523; -69.076; 
523.5; -68.9999; 
524; -68.924; 
524.5; -68.8484; 
525; -68.7731; 
525.5; -68.6982; 
526; -68.6235; 
526.5; -68.5491; 
527; -68.4752; 
527.5; -68.4015; 
528; -68.3282; 
528.5; -68.2552; 
529; -68.1827; 
529.5; -68.1104; 
530; -68.0386; 
530.5; -67.9671; 
531; -67.896; 
531.5; -67.8252; 
532; -67.7548; 
532.5; -67.6848; 
533; -67.6152; 
533.5; -67.5459; 
534; -67.477; 
534.5; -67.4085; 
535; -67.3404; 
535.5; -67.2726; 
536; -67.2052; 
536.5; -67.1382; 
537; -67.0715; 
537.5; -67.0051; 
538; -66.9392; 
538.5; -66.8736; 
539; -66.8084; 
539.5; -66.7436; 
540; -66.6791; 
540.5; -66.615; 
541; -66.5512; 
541.5; -66.4877; 
542; -66.4247; 
542.5; -66.3619; 
543; -66.2996; 
543.5; -66.2375; 
544; -66.1759; 
544.5; -66.1145; 
545; -66.0536; 
545.5; -65.9929; 
546; -65.9326; 
546.5; -65.8727; 
547; -65.813; 
547.5; -65.7537; 
548; -65.6948; 
548.5; -65.6361; 
549; -65.5779; 
549.5; -65.5199; 
550; -65.4623; 
550.5; -65.405; 
551; -65.348; 
551.5; -65.2913; 
552; -65.235; 
552.5; -65.179; 
553; -65.1233; 
553.5; -65.0679; 
554; -65.0128; 
554.5; -64.9581; 
555; -64.9037; 
555.5; -64.8495; 
556; -64.7957; 
556.5; -64.7422; 
557; -64.689; 
557.5; -64.6361; 
558; -64.5835; 
558.5; -64.5312; 
559; -64.4792; 
559.5; -64.4275; 
560; -64.3761; 
560.5; -64.325; 
561; -64.2742; 
561.5; -64.2237; 
562; -64.1735; 
562.5; -64.1236; 
563; -64.0739; 
563.5; -64.0246; 
564; -63.9755; 
564.5; -63.9267; 
565; -63.8782; 
565.5; -63.83; 
566; -63.7821; 
566.5; -63.7344; 
567; -63.687; 
567.5; -63.6399; 
568; -63.5931; 
568.5; -63.5465; 
569; -63.5002; 
569.5; -63.4542; 
570; -63.4085; 
570.5; -63.363; 
571; -63.3178; 
571.5; -63.2728; 
572; -63.2281; 
572.5; -63.1837; 
573; -63.1396; 
573.5; -63.0957; 
574; -63.052; 
574.5; -63.0086; 
575; -62.9655; 
575.5; -62.9226; 
576; -62.88; 
576.5; -62.8376; 
577; -62.7955; 
577.5; -62.7537; 
578; -62.712; 
578.5; -62.6707; 
579; -62.6295; 
579.5; -62.5887; 
580; -62.548; 
580.5; -62.5076; 
581; -62.4675; 
581.5; -62.4275; 
582; -62.3879; 
582.5; -62.3484; 
583; -62.3092; 
583.5; -62.2702; 
584; -62.2315; 
584.5; -62.193; 
585; -62.1547; 
585.5; -62.1167; 
586; -62.0789; 
586.5; -62.0413; 
587; -62.0039; 
587.5; -61.9668; 
588; -61.9299; 
588.5; -61.8932; 
589; -61.8567; 
589.5; -61.8205; 
590; -61.7845; 
590.5; -61.7487; 
591; -61.7131; 
591.5; -61.6777; 
592; -61.6425; 
592.5; -61.6076; 
593; -61.5728; 
593.5; -61.5383; 
594; -61.504; 
594.5; -61.4699; 
595; -61.436; 
595.5; -61.4023; 
596; -61.3688; 
596.5; -61.3355; 
597; -61.3025; 
597.5; -61.2696; 
598; -61.2369; 
598.5; -61.2045; 
599; -61.1722; 
599.5; -61.1401; 
600; -61.1082; 
600.5; -61.0766; 
601; -61.0451; 
601.5; -61.0138; 
602; -60.9827; 
602.5; -60.9518; 
603; -60.9211; 
603.5; -60.8906; 
604; -60.8602; 
604.5; -60.8301; 
605; -60.8001; 
605.5; -60.7703; 
606; -60.7408; 
606.5; -60.7114; 
607; -60.6821; 
607.5; -60.6531; 
608; -60.6242; 
608.5; -60.5955; 
609; -60.567; 
609.5; -60.5387; 
610; -60.5106; 
610.5; -60.4826; 
611; -60.4548; 
611.5; -60.4272; 
612; -60.3997; 
612.5; -60.3724; 
613; -60.3453; 
613.5; -60.3184; 
614; -60.2916; 
614.5; -60.265; 
615; -60.2386; 
615.5; -60.2123; 
616; -60.1862; 
616.5; -60.1603; 
617; -60.1345; 
617.5; -60.1089; 
618; -60.0834; 
618.5; -60.0581; 
619; -60.033; 
619.5; -60.008; 
620; -59.9832; 
620.5; -59.9585; 
621; -59.934; 
621.5; -59.9096; 
622; -59.8854; 
622.5; -59.8614; 
623; -59.8375; 
623.5; -59.8138; 
624; -59.7901; 
624.5; -59.7667; 
625; -59.7434; 
625.5; -59.7203; 
626; -59.6973; 
626.5; -59.6744; 
627; -59.6517; 
627.5; -59.6291; 
628; -59.6067; 
628.5; -59.5844; 
629; -59.5622; 
629.5; -59.5402; 
630; -59.5184; 
630.5; -59.4966; 
631; -59.475; 
631.5; -59.4536; 
632; -59.4323; 
632.5; -59.4111; 
633; -59.3901; 
633.5; -59.3691; 
634; -59.3484; 
634.5; -59.3277; 
635; -59.3072; 
635.5; -59.2868; 
636; -59.2665; 
636.5; -59.2464; 
637; -59.2264; 
637.5; -59.2065; 
638; -59.1867; 
638.5; -59.1671; 
639; -59.1476; 
639.5; -59.1282; 
640; -59.109; 
640.5; -59.0898; 
641; -59.0708; 
641.5; -59.0519; 
642; -59.0331; 
642.5; -59.0145; 
643; -58.9959; 
643.5; -58.9775; 
644; -58.9592; 
644.5; -58.941; 
645; -58.9229; 
645.5; -58.9049; 
646; -58.8871; 
646.5; -58.8693; 
647; -58.8517; 
647.5; -58.8341; 
648; -58.8167; 
648.5; -58.7994; 
649; -58.7822; 
649.5; -58.7651; 
650; -58.7481; 
650.5; -58.7312; 
651; -58.7144; 
651.5; -58.6977; 
652; -58.6812; 
652.5; -58.6647; 
653; -58.6483; 
653.5; -58.632; 
654; -58.6159; 
654.5; -58.5998; 
655; -58.5838; 
655.5; -58.5679; 
656; -58.5521; 
656.5; -58.5364; 
657; -58.5208; 
657.5; -58.5053; 
658; -58.4899; 
658.5; -58.4746; 
659; -58.4593; 
659.5; -58.4442; 
660; -58.4291; 
660.5; -58.4142; 
661; -58.3993; 
661.5; -58.3845; 
662; -58.3697; 
662.5; -58.3551; 
663; -58.3406; 
663.5; -58.3261; 
664; -58.3117; 
664.5; -58.2974; 
665; -58.2832; 
665.5; -58.2691; 
666; -58.255; 
666.5; -58.241; 
667; -58.2271; 
667.5; -58.2133; 
668; -58.1995; 
668.5; -58.1858; 
669; -58.1722; 
669.5; -58.1587; 
670; -58.1452; 
670.5; -58.1318; 
671; -58.1184; 
671.5; -58.1052; 
672; -58.092; 
672.5; -58.0788; 
673; -58.0657; 
673.5; -58.0527; 
674; -58.0397; 
674.5; -58.0268; 
675; -58.014; 
675.5; -58.0012; 
676; -57.9884; 
676.5; -57.9757; 
677; -57.9631; 
677.5; -57.9505; 
678; -57.938; 
678.5; -57.9255; 
679; -57.913; 
679.5; -57.9006; 
680; -57.8883; 
680.5; -57.8759; 
681; -57.8636; 
681.5; -57.8514; 
682; -57.8391; 
682.5; -57.8269; 
683; -57.8147; 
683.5; -57.8026; 
684; -57.7904; 
684.5; -57.7783; 
685; -57.7662; 
685.5; -57.754; 
686; -57.7419; 
686.5; -57.7298; 
687; -57.7176; 
687.5; -57.7055; 
688; -57.6934; 
688.5; -57.6811; 
689; -57.6689; 
689.5; -57.6566; 
690; -57.6443; 
690.5; -57.6319; 
691; -57.6194; 
691.5; -57.6068; 
692; -57.5942; 
692.5; -57.5813; 
693; -57.5684; 
693.5; -57.5552; 
694; -57.5419; 
694.5; -57.5284; 
695; -57.5145; 
695.5; -57.5004; 
696; -57.4858; 
696.5; -57.4709; 
697; -57.4554; 
697.5; -57.4393; 
698; -57.4225; 
698.5; -57.4048; 
699; -57.386; 
699.5; -57.3659; 
700; -57.3442; 
700.5; -57.3203; 
701; -57.2937; 
701.5; -57.2636; 
702; -57.2287; 
702.5; -57.1871; 
703; -57.136; 
703.5; -57.0705; 
704; -56.9824; 
704.5; -56.8557; 
705; -56.6574; 
705.5; -57.2853; 
706; -57.2058; 
706.5; -57.1381; 
707; -57.0799; 
707.5; -57.0297; 
708; -56.9863; 
708.5; -56.9485; 
709; -56.9156; 
709.5; -56.8868; 
710; -56.8615; 
710.5; -56.8392; 
711; -56.8195; 
711.5; -56.8019; 
712; -56.7861; 
712.5; -56.7718; 
713; -56.7587; 
713.5; -56.7465; 
714; -56.735; 
714.5; -56.724; 
715; -56.7132; 
715.5; -56.7025; 
716; -56.6914; 
716.5; -56.6799; 
717; -56.6675; 
717.5; -56.654; 
718; -56.6391; 
718.5; -56.6222; 
719; -56.603; 
719.5; -56.5808; 
720; -56.5548; 
720.5; -56.524; 
721; -56.4869; 
721.5; -56.4416; 
722; -56.3851; 
722.5; -56.3124; 
723; -56.2156; 
723.5; -56.0799; 
724; -55.8755; 
724.5; -55.5334; 
725; -56.3886; 
725.5; -56.2511; 
726; -56.1111; 
726.5; -55.9597; 
727; -55.7833; 
727.5; -55.5576; 
728; -55.2314; 
728.5; -55.902; 
729; -55.8671; 
729.5; -55.8033; 
730; -55.6989; 
730.5; -55.5322; 
731; -55.257; 
731.5; -55.8776; 
732; -55.6531; 
732.5; -55.3595; 
733; -55.9162; 
733.5; -55.8763; 
734; -55.8209; 
734.5; -55.7444; 
735; -55.6374; 
735.5; -55.4832; 
736; -55.2491; 
736.5; -54.8623; 
737; -55.5766; 
737.5; -55.2736; 
738; -55.9359; 
738.5; -55.7964; 
739; -55.6648; 
739.5; -55.5346; 
740; -55.3973; 
740.5; -55.2399; 
741; -55.0396; 
741.5; -54.7489; 
742; -55.432; 
742.5; -55.4327; 
743; -55.4193; 
743.5; -55.3885; 
744; -55.3349; 
744.5; -55.2497; 
745; -55.1172; 
745.5; -54.9076; 
746; -54.5573; 
746.5; -55.132; 
747; -55.6877; 
747.5; -55.7014; 
748; -55.7068; 
748.5; -55.7015; 
749; -55.6832; 
749.5; -55.6484; 
750; -55.5916; 
750.5; -55.5034; 
751; -55.3667; 
751.5; -55.1457; 
752; -55.7395; 
752.5; -55.6078; 
753; -55.4563; 
753.5; -55.2671; 
754; -55.0077; 
754.5; -54.608; 
755; -55.3197; 
755.5; -55.0793; 
756; -54.7318; 
756.5; -55.3872; 
757; -55.1953; 
757.5; -54.9753; 
758; -54.7002; 
758.5; -54.3192; 
759; -54.6319; 
759.5; -55.1199; 
760; -54.8504; 
760.5; -54.5943; 
761; -54.3392; 
761.5; -54.0698; 
762; -53.7637; 
762.5; -53.3833; 
763; -52.8536; 
763.5; -53.2979; 
764; -53.6972; 
764.5; -53.3503; 
765; -52.9625; 
765.5; -52.4968; 
766; -51.8901; 
766.5; -51.0198; 
767; -51.7806; 
767.5; -51.7136; 
768; -51.6853; 
768.5; -51.7388; 
769; -50.6555; 
769.5; -52.6137; 
770; -52.1833; 
770.5; -51.7021; 
771; -51.0928; 
771.5; -52.1197; 
772; -51.7432; 
772.5; -51.3347; 
773; -50.8394; 
773.5; -51.2481; 
774; -50.7961; 
774.5; -50.2786; 
775; -49.6269; 
775.5; -48.7034; 
776; -49.8257; 
776.5; -49.1582; 
777; -48.1746; 
777.5; -48.7592; 
778; -49.2105; 
778.5; -50.1035; 
779; -49.3701; 
779.5; -48.4455; 
780; -48.2779; 
780.5; -48.842; 
781; -48.9684; 
781.5; -48.1827; 
782; -47.1151; 
782.5; -46.8476; 
783; -46.024; 
783.5; -47.203; 
784; -46.6507; 
784.5; -45.9055; 
785; -45.0542; 
785.5; -43.8763; 
786; -45.7923; 
786.5; -45.1452; 
787; -43.1762; 
787.5; -44.7771; 
788; -44.1215; 
788.5; -42.2237; 
789; -42.0712; 
789.5; -42.8912; 
790; -41.9146; 
790.5; -40.7797; 
791; -39.0986; 
791.5; -39.8312; 
792; -38.7818; 
792.5; -37.2993; 
793; -38.2065; 
793.5; -39.5414; 
794; -37.3382; 
794.5; -38.946; 
795; -36.8085; 
795.5; -35.0518; 
796; -36.2928; 
796.5; -34.7963; 
797; -33.0222; 
797.5; -33.5644; 
798; -32.049; 
798.5; -32.561; 
799; -29.9616; 
799.5; -33.0852; 
800; -29.7075; 
800.5; -30.3349; 
801; -30.6034; 
801.5; -30.7139; 
802; -28.3893; 
802.5; -30.0722; 
803; -27.997; 
803.5; -27.7807; 
804; -26.0069; 
804.5; -26.9294; 
805; -27.3332; 
805.5; -26.1394; 
806; -24.4869; 
806.5; -24.7445; 
807; -24.3792; 
807.5; -23.5045; 
808; -26.6083; 
808.5; -24.5288; 
809; -22.5748; 
809.5; -24.5079; 
810; -21.7043; 
810.5; -22.5161; 
811; -21.6878; 
811.5; -25.5505; 
812; -24.2568; 
812.5; -24.7747; 
813; -24.0499; 
813.5; -25.3786; 
814; -22.9854; 
814.5; -22.4855; 
815; -21.0368; 
815.5; -23.9918; 
816; -25.2031; 
816.5; -22.9337; 
817; -22.4219; 
817.5; -21.7564; 
818; -22.2187; 
818.5; -26.7047; 
819; -24.3805; 
819.5; -21.5008; 
820; -24.1469; 
820.5; -23.0804; 
821; -24.4698; 
821.5; -24.6923; 
822; -26.6989; 
822.5; -26.9359; 
823; -29.8044; 
823.5; -29.8139; 
824; -30.2196; 
824.5; -29.2475; 
825; -30.8592; 
825.5; -29.9416; 
826; -31.163; 
826.5; -30.4822; 
827; -30.4047; 
827.5; -32.6643; 
828; -32.7929; 
828.5; -34.7397; 
829; -34.7152; 
829.5; -35.8734; 
830; -34.1507; 
830.5; -36.4364; 
831; -36.5562; 
831.5; -41.6496; 
832; -42.2288; 
832.5; -42.012; 
833; -41.2742; 
833.5; -44.4494; 
834; -44.1846; 
834.5; -45.5471; 
835; -48.5845; 
835.5; -48.2467; 
836; -48.4552; 
836.5; -50.0671; 
837; -49.4552; 
837.5; -51.534; 
838; -52.9732; 
838.5; -54.6528; 
839; -56.744; 
839.5; -57.7748; 
840; -60.3479; 
840.5; -61.2849; 
841; -62.1517; 
841.5; -62.8831; 
842; -64.5061; 
842.5; -65.2452; 
843; -65.8598; 
843.5; -67.1903; 
844; -67.8583; 
844.5; -68.3738; 
845; -69.6236; 
845.5; -70.0626; 
846; -70.4573; 
846.5; -70.8064; 
847; -71.1106; 
847.5; -71.3722; 
848; -71.5941; 
848.5; -71.7796; 
849; -71.932; 
849.5; -72.0546; 
850; -72.1504; 
850.5; -72.2224; 
851; -72.273; 
851.5; -72.3049; 
852; -72.3203; 
852.5; -72.3213; 
853; -72.3097; 
853.5; -72.2873; 
854; -72.2556; 
854.5; -72.2158; 
855; -72.1693; 
855.5; -72.1168; 
856; -72.0594; 
856.5; -71.9978; 
857; -71.9325; 
857.5; -71.8642; 
858; -71.7933; 
858.5; -71.7202; 
859; -71.6453; 
859.5; -71.5688; 
860; -71.4911; 
860.5; -71.4122; 
861; -71.3324; 
861.5; -71.252; 
862; -71.1709; 
862.5; -71.0894; 
863; -71.0075; 
863.5; -70.9254; 
864; -70.8431; 
864.5; -70.7607; 
865; -70.6783; 
865.5; -70.5958; 
866; -70.5135; 
866.5; -70.4312; 
867; -70.3491; 
867.5; -70.2672; 
868; -70.1855; 
868.5; -70.1039; 
869; -70.0227; 
869.5; -69.9417; 
870; -69.861; 
870.5; -69.7806; 
871; -69.7006; 
871.5; -69.6209; 
872; -69.5414; 
872.5; -69.4624; 
873; -69.3837; 
873.5; -69.3053; 
874; -69.2273; 
874.5; -69.1497; 
875; -69.0725; 
875.5; -68.9956; 
876; -68.9191; 
876.5; -68.843; 
877; -68.7673; 
877.5; -68.692; 
878; -68.617; 
878.5; -68.5425; 
879; -68.4683; 
879.5; -68.3945; 
880; -68.3211; 
880.5; -68.2481; 
881; -68.1754; 
881.5; -68.1032; 
882; -68.0313; 
882.5; -67.9598; 
883; -67.8887; 
883.5; -67.8181; 
884; -67.7477; 
884.5; -67.6778; 
885; -67.6082; 
885.5; -67.539; 
886; -67.4702; 
886.5; -67.4018; 
887; -67.3337; 
887.5; -67.266; 
888; -67.1987; 
888.5; -67.1317; 
889; -67.0651; 
889.5; -66.9989; 
890; -66.9331; 
890.5; -66.8676; 
891; -66.8025; 
891.5; -66.7377; 
892; -66.6733; 
892.5; -66.6092; 
893; -66.5455; 
893.5; -66.4822; 
894; -66.4192; 
894.5; -66.3566; 
895; -66.2943; 
895.5; -66.2324; 
896; -66.1708; 
896.5; -66.1095; 
897; -66.0486; 
897.5; -65.988; 
898; -65.9278; 
898.5; -65.8679; 
899; -65.8083; 
899.5; -65.7491; 
900; -65.6903; 
900.5; -65.6317; 
901; -65.5735; 
901.5; -65.5156; 
902; -65.458; 
902.5; -65.4008; 
903; -65.3439; 
903.5; -65.2873; 
904; -65.231; 
904.5; -65.175; 
905; -65.1194; 
905.5; -65.0641; 
906; -65.0091; 
906.5; -64.9544; 
907; -64.9; 
907.5; -64.8459; 
908; -64.7921; 
908.5; -64.7387; 
909; -64.6855; 
909.5; -64.6327; 
910; -64.5801; 
910.5; -64.5279; 
911; -64.4759; 
911.5; -64.4243; 
912; -64.373; 
912.5; -64.3219; 
913; -64.2711; 
913.5; -64.2206; 
914; -64.1705; 
914.5; -64.1206; 
915; -64.071; 
915.5; -64.0217; 
916; -63.9726; 
916.5; -63.9239; 
917; -63.8754; 
917.5; -63.8273; 
918; -63.7794; 
918.5; -63.7317; 
919; -63.6844; 
919.5; -63.6373; 
920; -63.5905; 
920.5; -63.544; 
921; -63.4977; 
921.5; -63.4517; 
922; -63.4061; 
922.5; -63.3606; 
923; -63.3154; 
923.5; -63.2705; 
924; -63.2258; 
924.5; -63.1815; 
925; -63.1373; 
925.5; -63.0934; 
926; -63.0498; 
926.5; -63.0065; 
927; -62.9634; 
927.5; -62.9205; 
928; -62.8779; 
928.5; -62.8356; 
929; -62.7935; 
929.5; -62.7517; 
930; -62.7101; 
930.5; -62.6687; 
931; -62.6276; 
931.5; -62.5868; 
932; -62.5462; 
932.5; -62.5058; 
933; -62.4657; 
933.5; -62.4258; 
934; -62.3861; 
934.5; -62.3467; 
935; -62.3075; 
935.5; -62.2686; 
936; -62.2299; 
936.5; -62.1914; 
937; -62.1531; 
937.5; -62.1151; 
938; -62.0773; 
938.5; -62.0398; 
939; -62.0024; 
939.5; -61.9653; 
940; -61.9284; 
940.5; -61.8917; 
941; -61.8553; 
941.5; -61.8191; 
942; -61.7831; 
942.5; -61.7473; 
943; -61.7117; 
943.5; -61.6764; 
944; -61.6412; 
944.5; -61.6063; 
945; -61.5716; 
945.5; -61.5371; 
946; -61.5028; 
946.5; -61.4687; 
947; -61.4348; 
947.5; -61.4012; 
948; -61.3677; 
948.5; -61.3344; 
949; -61.3014; 
949.5; -61.2685; 
950; -61.2359; 
950.5; -61.2034; 
951; -61.1712; 
951.5; -61.1391; 
952; -61.1073; 
952.5; -61.0756; 
953; -61.0442; 
953.5; -61.0129; 
954; -60.9818; 
954.5; -60.9509; 
955; -60.9202; 
955.5; -60.8897; 
956; -60.8594; 
956.5; -60.8293; 
957; -60.7993; 
957.5; -60.7696; 
958; -60.74; 
958.5; -60.7106; 
959; -60.6814; 
959.5; -60.6524; 
960; -60.6236; 
960.5; -60.5949; 
961; -60.5664; 
961.5; -60.5381; 
962; -60.51; 
962.5; -60.482; 
963; -60.4542; 
963.5; -60.4266; 
964; -60.3992; 
964.5; -60.3719; 
965; -60.3448; 
965.5; -60.3179; 
966; -60.2912; 
966.5; -60.2646; 
967; -60.2382; 
967.5; -60.2119; 
968; -60.1858; 
968.5; -60.1599; 
969; -60.1341; 
969.5; -60.1085; 
970; -60.0831; 
970.5; -60.0578; 
971; -60.0327; 
971.5; -60.0078; 
972; -59.9829; 
972.5; -59.9583; 
973; -59.9338; 
973.5; -59.9095; 
974; -59.8853; 
974.5; -59.8613; 
975; -59.8374; 
975.5; -59.8137; 
976; -59.7901; 
976.5; -59.7667; 
977; -59.7434; 
977.5; -59.7203; 
978; -59.6973; 
978.5; -59.6745; 
979; -59.6518; 
979.5; -59.6292; 
980; -59.6068; 
980.5; -59.5846; 
981; -59.5624; 
981.5; -59.5405; 
982; -59.5186; 
982.5; -59.4969; 
983; -59.4754; 
983.5; -59.4539; 
984; -59.4326; 
984.5; -59.4115; 
985; -59.3904; 
985.5; -59.3696; 
986; -59.3488; 
986.5; -59.3282; 
987; -59.3077; 
987.5; -59.2873; 
988; -59.2671; 
988.5; -59.247; 
989; -59.227; 
989.5; -59.2072; 
990; -59.1874; 
990.5; -59.1678; 
991; -59.1484; 
991.5; -59.129; 
992; -59.1097; 
992.5; -59.0907; 
993; -59.0717; 
993.5; -59.0528; 
994; -59.034; 
994.5; -59.0154; 
995; -58.9969; 
995.5; -58.9785; 
996; -58.9602; 
996.5; -58.9421; 
997; -58.924; 
997.5; -58.9061; 
998; -58.8883; 
998.5; -58.8705; 
999; -58.8529; 
999.5; -58.8354; 
